-- phpMyAdmin SQL Dump
-- version 5.2.0
-- https://www.phpmyadmin.net/
--
-- Host: 127.0.0.1
-- Generation Time: Mar 14, 2023 at 03:44 PM
-- Server version: 10.4.24-MariaDB
-- PHP Version: 8.1.6

SET SQL_MODE = "NO_AUTO_VALUE_ON_ZERO";
START TRANSACTION;
SET time_zone = "+00:00";


/*!40101 SET @OLD_CHARACTER_SET_CLIENT=@@CHARACTER_SET_CLIENT */;
/*!40101 SET @OLD_CHARACTER_SET_RESULTS=@@CHARACTER_SET_RESULTS */;
/*!40101 SET @OLD_COLLATION_CONNECTION=@@COLLATION_CONNECTION */;
/*!40101 SET NAMES utf8mb4 */;

--
-- Database: `web_edu`
--

-- --------------------------------------------------------

--
-- Table structure for table `likes`
--

CREATE TABLE `likes` (
  `id` int(11) NOT NULL,
  `user_id` int(11) NOT NULL,
  `polygon_id` int(11) NOT NULL
) ENGINE=InnoDB DEFAULT CHARSET=utf8mb4;

--
-- Dumping data for table `likes`
--

INSERT INTO `likes` (`id`, `user_id`, `polygon_id`) VALUES
(9, 1, 1),
(13, 1, 52),
(14, 1, 32),
(15, 1, 12),
(17, 2, 12),
(18, 2, 32),
(19, 2, 52),
(20, 2, 3),
(21, 2, 14),
(27, 2, 23),
(28, 2, 5),
(29, 3, 82),
(30, 3, 41),
(31, 3, 61),
(32, 1, 23);

-- --------------------------------------------------------

--
-- Table structure for table `polygons`
--

CREATE TABLE `polygons` (
  `id` int(11) NOT NULL,
  `name` varchar(20) NOT NULL,
  `desc` mediumtext NOT NULL,
  `image` varchar(200) NOT NULL
) ENGINE=InnoDB DEFAULT CHARSET=utf8mb4;

--
-- Dumping data for table `polygons`
--

INSERT INTO `polygons` (`id`, `name`, `desc`, `image`) VALUES
(1, 'Edirne', 'Edirne (Pengucapan bahasa Turki: [eˈdiɾne]) . adalah kota utama di Eastern Thrace , di Wilayah Marmara di barat laut Turki. Edirne merupakan kota yang terletak di sebelah barat Turki. Penduduknya berjumlah 165.696 jiwa. Edirne merupakan pintu sebelah barat yang dilalui oleh Sultan Mehmet II atau disebut juga Sultan Muhammad Al-Fatih untuk masuk ke dalam Kota Konstantinopel selepas proses penaklukan berakhir lantaran apabila pintu tersebut merupakan pintu pertama yang berjaya ditakluk oleh tentara Turki. Pintu tersebut merupakan pintu utama Lembah Lycos yang dikuasai oleh Giustiniani dan tentaranya yang berasal dari Genoa saat pertempuran penaklukan Konstantinovel ( Istanbul ) terjadi.\n\nEdirne terletak di dataran Thracian yang bergulung lembut di pertemuan tiga sungai, dekat dengan perbatasan dengan Yunani dan Bulgaria. Sebagian besar pengunjung yang melintasi perbatasan tersebut berkendara lurus ke timur, atau tetap di bus atau kereta api, untuk mencapai Istanbul.\n\nEdirne pernah menjadi ibu kota Kekaisaran Ottoman, dan terus menjadi tempat peristirahatan kekaisaran, dihiasi dengan masjid-masjid yang megah. Ini pasti salah satu pemandangan teratas Turki.Itu terletak di dataran Thracian yang bergulung lembut di pertemuan tiga sungai, dekat dengan perbatasan dengan Yunani dan Bulgaria.\n\nEdirne pernah menjadi ibu kota Kekaisaran Ottoman, dan juga menjadi tempat peristirahatan kekaisaran, dihiasi dengan masjid-masjid yang megah. Dan menjadi salah satu destinasi wisata teratas di Turki.rletak di dataran Thracian yang bergulung lembut di pertemuan tiga sungai, dekat dengan perbatasan dengan Yunani dan Bulgaria. Sebagian besar pengunjung yang melintasi perbatasan tersebut berkendara lurus ke timur, atau tetap di bus atau kereta api, untuk mencapai Istanbul. Namun Edirne pernah menjadi ibu kota Kekaisaran Ottoman, dan terus menjadi tempat peristirahatan kekaisaran, dihiasi dengan masjid-masjid yang megah. Ini pasti salah satu pemandangan teratas Turki.\n\nsumber : https://id.wikipedia.org/wiki/Edirne', 'https://upload.wikimedia.org/wikipedia/commons/thumb/4/4e/Edirne_7333_Nevit.JPG/375px-Edirne_7333_Nevit.JPG'),
(2, 'Adana', 'Provinsi Adana adalah sebuah provinsi yang terletak di tenggara Turki. Nama Adana diperkirakan berasal dari Adanus, putra Uranus (Dewa langit Yunani kuno). Populasinya berjumlah 2.085.225, yang menjadikannya sebagai provinsi dengan populasi terbanyak di Turki. Provinsi ini, secara geografis dan ekonomis, adalah bagian dari region Çukurova bersama dengan Provinsi Mersin, Osmaniye dan Hatay.\r\n\r\nsumber : https://id.wikipedia.org/wiki/Provinsi_Adana', 'https://dynamic-media-cdn.tripadvisor.com/media/photo-o/05/83/f8/b9/adana-merkez-camii.jpg?w=500&h=300&s=1'),
(3, 'Hakkari', 'Hakkari (Pengucapan bahasa Turki: [hacːaːɾi], bahasa Kurdi: Colemêrg), sebelumnya dikenal sebagai Julamerk, adalah sebuah kota yang merupakan ibu kota dari Provinsi Hakkâri, Turki. Kota ini terletak beberapa kilometer dari perbatasan Irak-Turki . Populasi kota ini menurut sensus 2010 adalah 57.844 jiwa.\r\n\r\nIbnu Khallikan pada abad ke-13 menulis bahwa kata Hakkari berarti \'milik Hakkar\', sebuah suku Kurdi.\r\n\r\nsumber : https://id.wikipedia.org/wiki/Hakk%C3%A2ri_(kota)', 'https://upload.wikimedia.org/wikipedia/commons/e/e4/Hakkari...%C5%9Eehir.._-_panoramio.jpg'),
(4, 'Van', 'Van (Armenian: Վան; Kurdish: Wan) is a mostly Kurdish-populated and historically Armenian-populated city in eastern Turkey\'s Van Province. The city lies on the eastern shore of Lake Van.\r\n\r\nVan has a long history as a major urban area. It has been a large city since the first millennium BCE, initially as Tushpa, the capital of the kingdom of Urartu from the 9th century BCE to the 6th century BCE, and later as the center of the Armenian kingdom of Vaspurakan. Turkic presence in Van and in the rest of Anatolia started as a result of Seljuk victory at the Battle of Malazgirt (1071) against the Byzantine Empire.\r\n\r\nVan is often referred to in the context of Western Armenia and Northern Kurdistan.\r\n\r\nsumber : https://en.wikipedia.org/wiki/Van,_Turkey', 'https://upload.wikimedia.org/wikipedia/pam/7/7a/Vancity_01.jpg'),
(5, 'Şırnak', 'Şırnak (Kurdish: Şirnex) is a town and district in southeastern Turkey. It is the capital of Şırnak Province. The Habur border gate with Iraq which is one of Turkey\'s main links to the Kurdistan Region and Iraq is also on Şırnak.\r\n\r\nOn 18 August 1992, fighting broke out between Turkish security forces and Kurdish separatists of the PKK. 20,000 out of 25,000 residents fled the city during the three days of fighting.\r\n\r\n1992 Turkish military operation\r\n\r\nWhile the town was under bombardment, there was no way to get an account of what was happening in the region as journalists were prevented from entering the city centre which was completely burned down by the security forces. Şırnak was under fire for three days and tanks and cannons were used to hit buildings occupied by civilians.\r\n\r\nsumber : https://en.wikipedia.org/wiki/%C5%9E%C4%B1rnak', 'https://upload.wikimedia.org/wikipedia/commons/3/31/Sirnak-tr-2490.jpg'),
(6, 'Ağrı', 'Ağrı (bahasa Kurdi: Agirîs) ialah sebuah kota di Provinsi Ağrı di Turki timur (di Kurdistan). Kota ini terletak di dekat Gunung Ararat di sekitar perbatasan antara Turki dan Armenia. Sebagian besar penduduknya ialah bangsa Kurdi, sedangkan sisanya bangsa Armenia dan Turki.\r\n\r\nsumber : https://id.wikipedia.org/wiki/A%C4%9Fr%C4%B1', 'https://cdn.turkishairlines.com/m/7a635b813c022f92/original/1400-660-min-jpg.jpg'),
(7, 'Bitlis', 'Bitlis (Bahasa Armenia: Բաղեշ Baghesh atau Բիթլիս Bitlis; Bahasa Suryani: ܒܝܬ ܕܠܝܣ Beṯ Dlis; Bahasa Kurdi: Bidlîs; Bahasa Turki Utsmaniyah: بتليس) adalah semuah kota kecil di Turki bagian timur dan ibu kota Provinsi Bitlis. Kota ini bertempat pada ketinggian rata-rata 1.400 meter, 15 km dari Danau Van, di lembah bersisi curam Sungai Bitlis, sebuah anak sungai dari Sungai Tigris.\r\n\r\nKota ini berisi sejumlah besar peninggalan abad pertengahan bangunan Islam dalam bentuk masjid, medresses, dan makam. Ditugaskan kebanyakan oleh penguasa lokal Kurdi, gaya arsitektur bangunan ini sangat konservatif dan mirip dengan periode awal Saljuk. Monumen penting termasuk Masjid abad ke-12 dengan menara abad ke-15, dan Medresesi Gokmeydani dan Masjid Sherefiye dari abad keenam belas. Sampai tahun 1915 ada lima biara Armenia dan beberapa gereja di Bitlis -. Hanya sebuah gereja abad ke-19 Armenia bertahan, sekarang digunakan sebagai gudang.\r\n\r\nsumber : https://id.wikipedia.org/wiki/Bitlis', 'https://upload.wikimedia.org/wikipedia/commons/thumb/2/2c/B%C3%AAdlis.jpg/375px-B%C3%AAdlis.jpg'),
(8, 'Siirt', 'Siirt (bahasa Arab: سِعِرْد‎; Armenia: Սղերդ, s\'gherd; bahasa Suryani: ܣܥܪܬ bahasa Kurdi: Sêrt bahasa Turki Utsmaniyah: سعرد; bahasa Yunani: Σύρτη) adalah sebuah kota di tenggara Turki dan bagian dari Provinsi Siirt. Populasi kota menurut sensus 2009 sekitar 129.188 jiwa.\r\n\r\nsumber : https://id.wikipedia.org/wiki/Siirt', 'https://upload.wikimedia.org/wikipedia/commons/thumb/3/36/S%C3%AArt.jpg/375px-S%C3%AArt.jpg'),
(9, 'Mardin', 'Mardin (bahasa Kurdi: Mêrdîn, bahasa Turki Utsmaniyah: ماردين, bahasa Suryani: ܡܪܕܝܢ, translit. Mardīn) adalah sebuah kota di tenggara Turki. SEbagai ibukota Provinsi Mardin, kota tersebut dikenal karena arsitektur Artuqid (Artıklı atau Artuklu dalam bahasa Turki) dari kota lamanya, dan karena lokasi strategisnya di bukit berbatu di dekat Sungai Tigris yang membentang di dataran datar. Kota tersebut memiliki penduduk mayoritas Kurdi dengan jumlah populasi Arab dan Kaldea yang signifikan.\r\n\r\nsumber : https://id.wikipedia.org/wiki/Mardin', 'https://mediaim.expedia.com/destination/1/a56c6b6f33d3ef6a80014e85e2f61a5e.jpg'),
(10, 'Batman', 'Batman merupakan sebuah kota di Turki. Kota ini letaknya di bagian selatan. Tepatnya di Provinsi Batman. Pada tahun 2008, kota ini memiliki jumlah penduduk sebesar 298.342 jiwa. Kota ini terletak pada ketinggian 540 m.\r\n\r\nsumber : https://id.wikipedia.org/wiki/Batman_(Turki)', 'https://upload.wikimedia.org/wikipedia/commons/5/58/%C3%8Alih_2011.jpg'),
(11, 'Muş', 'Muş (pengucapan [muʃ]; ditransliterasikan menjadi Mush, dulunya juga disebut sebagai Moush atau Moosh; bahasa Armenia: Մուշ, bahasa Kurdi: Mûş) adalah sebuah kota dan ibukota Provinsi Muş di Turki. Populasinya kebanyakan terdiri dari orang Kurdi.\r\n\r\nsumber : https://id.wikipedia.org/wiki/Mu%C5%9F', 'https://upload.wikimedia.org/wikipedia/commons/thumb/f/f0/Mush_1213.jpg/250px-Mush_1213.jpg'),
(12, 'Erzurum', 'Erzurum merupakan kota yang terletak di Turki bagian timur. Penduduknya berjumlah 420.000 jiwa (2005).\r\n\r\nsumber : https://id.wikipedia.org/wiki/Erzurum', 'http://t2.gstatic.com/licensed-image?q=tbn:ANd9GcQyyCcEF6hua0Or3YQjrl42d9jJn6dAepA5c_j1ba6Lp_eFMlTHLAdy5p5MP1vROtPL'),
(13, 'Kars', 'Kars (Armenian: Կարս or Ղարս Kurdish: Qers; Greek: Καρσούντα, romanized: Karsoúnta) is a city in northeast Turkey and the capital of Kars Province. Its population is 73,836 in 2011. Kars was in the ancient region known as Chorzene, (in Greek Χορζηνή) in classical historiography (Strabo), part of Kingdom of Armenia (antiquity), in Ayrarat province, and later the capital of Bagratid Kingdom of Armenia in 929–961. Currently, the mayor of Kars is Türker Öksüz. The city had an Armenian ethnic majority until it was conquered by Turkish nationalist forces in late 1920.\r\n\r\nsumber : https://en.wikipedia.org/wiki/Kars', 'https://idsb.tmgrup.com.tr/ly/uploads/images/2022/01/28/178163.jpeg'),
(14, 'Iğdır', 'Iğdır (Azeri:İğdır) merupakan nama kota yang terletak di bagian timur Turki. Terletak di dekat perbatasan Armenia. Kota ini merupakan ibu kota Provinsi Iğdır. Kota ini terletak pada koordinat 39°55\'21\" LU dan 44°04\'12\" BT.\r\n\r\nsumber : https://id.wikipedia.org/wiki/I%C4%9Fd%C4%B1r', 'https://upload.wikimedia.org/wikipedia/commons/thumb/f/fc/I%C4%9Fd%C4%B1r_ve_A%C4%9Fr%C4%B1_Da%C4%9F%C4%B1.jpg/1200px-I%C4%9Fd%C4%B1r_ve_A%C4%9Fr%C4%B1_Da%C4%9F%C4%B1.jpg'),
(15, 'Ardahan', 'Ardahan was historically located in the region of Gogarene (Gugark), which Strabo calls a part of the Armenia that was taken away from the Kingdom of Iberia. In the Middle Ages Ardahan served as an important transit point for goods arriving from the Abbasid Caliphate and departing to the regions around the Black Sea. During the 8th to 10th centuries the region was in hands of the Bagrationi princes of Tao-Klarjeti under the name of Artaani, and later part of Kingdom of Georgia between 11th to 15th centuries. According to the Arab historian Yahya of Antioch, the Byzantines razed Ardahan and slaughtered its population in 1021.\r\n\r\nsumber : https://en.wikipedia.org/wiki/Ardahan', 'https://dynamic-media-cdn.tripadvisor.com/media/photo-o/09/57/13/90/seytan-kalesi.jpg?w=700&h=500&s=1'),
(16, 'Artvin', 'Artifacts dating back to the Bronze Age and even earlier have been found. The area was part of the kingdom of Colchis and part of the Greater Armenia but was always vulnerable to invasions, first the Scythians from across the Caucasus, then the Muslim armies led by Habib, son of Caliph Uthman who controlled the area from 853 AD to 1023 when it was conquered by the Byzantines from the Sac Emirate linked to the Abbasids.\r\n\r\nsumber : https://en.wikipedia.org/wiki/Artvin', 'http://t3.gstatic.com/licensed-image?q=tbn:ANd9GcTnDCEisndMliRXNU4_lzJSMdhjvNholgthzkFvpDudRBPL0twWAYvaGAzZeIJflqZu'),
(17, 'Rize', 'Rize (Yunani: Ρίζα Riza, bahasa Georgia: რიზე, Laz: Rizini, bahasa Armenia: Ռիզե) adalah ibu kota Provinsi Rize di Turki timur laut, di pantai Laut Hitam. Rize adalah kota yang tenang. Namun, perbatasan dengan Georgia dibuka sejak awal tahun 1990-an, dan jalan pantai Laut Hitam meluas dan Rize menjadi lebih kaya; lebih banyak mobil di jalan-jalan, bangunan yang tinggi, dan beberapa tempat untuk anak muda telah dibuka. Pengunjung juga meningkatkan ekonomi kota ini.\r\n\r\nsumber : https://id.wikipedia.org/wiki/Rize', 'http://t2.gstatic.com/licensed-image?q=tbn:ANd9GcQ97NF4mLWmzlk-THVI9frhOq882rnTIh9jvwFvZLIJj_nwINMRUUB3XmfhK84yXeHy'),
(18, 'Trabzon', 'Trabzon (Pengucapan bahasa Turki: [ˈtrabzon] sebelumnya dikenal sebagai Trebizond, Τραπεζοῦς (Trapezus) dalam bahasa Yunani Klasik, dan Τραπεζούντα (Trapezoúnda) dalam bahasa Yunani Modern) adalah kota yang terletak di Turki bagian timur laut. Penduduknya berjumlah 244.000 jiwa (2005). Trabzon merupakan ibu kota Provinsi Trabzon.\r\n\r\nsumber : https://id.wikipedia.org/wiki/Trabzon', 'http://t3.gstatic.com/licensed-image?q=tbn:ANd9GcQZeixvRR4lF9Xq1GybOJd41Lqlzk_Ex8InN0-UiW09FOFItJncCJdwuMQfvBKoICw-'),
(19, 'Bayburt', 'Bayburt (Armenian: Բայբերդ, romanized: Bayberd) is a city in northeast Turkey lying on the Çoruh River and is the provincial capital of Bayburt Province. According to the 2021 census the population is determined as around 82,274.\r\n\r\nBayburt was once an important center on the ancient Silk Road. It was visited by Marco Polo and Evliya Çelebi. Remains of its medieval castle still exist. There are several historical mosques, Turkish baths, and tombs in the city. There are also ancient historical sites such as the Çatalçeşme Underground Complex and natural wonders like the Sirakayalar Waterfall in the other parts of the province.\r\n\r\nsumber : https://en.wikipedia.org/wiki/Bayburt', 'http://t3.gstatic.com/licensed-image?q=tbn:ANd9GcSs9wH46DOUU4IBOZ6bOJom5X_cKdAs26XDmRVk3nYwv_h29UnxP0jsSE82wuqWTC3M'),
(20, 'Erzincan', 'Erzincan (pengucapan [æɾˈzindʒan]; bahasa Kurdi: Erzîngan), sebelumnya Yerznka (bahasa Armenia: Երզնկա ), adalah ibu kota Provinsi Erzincan di Turki Timur. Mayoritas penduduk kota ini merupakan Sunni Turki dengan populasi minoritas Alevi Kurdi yang cukup signifikan.\r\n\r\nsumber : https://id.wikipedia.org/wiki/Erzincan', 'http://t2.gstatic.com/licensed-image?q=tbn:ANd9GcRFrWBjhTUlWLi8Kk4xkMobRyj-HNyxpXMELTI58obhluDMogtNdpuj-TxGc__BTPTC'),
(21, 'Bingöl', 'Bingöl Province (Turkish: Bingöl ili, lit. \'province of a thousand lakes\', Kurdish: Parêzgeha Çewlîg, Zazaki: Wîlayetî Çewlîg) is a province of Turkey in Eastern Anatolia. The province was known as Çapakçur Province (from Armenian: Ճապաղջուր, lit. \'spread out water\') until 1945 when it was renamed as Bingöl province. Its neighboring provinces are Tunceli, Erzurum, Muş, Diyarbakır, Erzincan and Elazığ. The province covers an area of 8,125 km2 and has a population of 255,170. The capital is Bingöl. As the current Governor of the province, Kadir Ekinci was appointed by the president on the 5 November 2018.\r\n\r\nThe town of Genç was the scene of origin for the Kurdish Sheikh Said rebellion in 1925 and most of the region was captured by the rebels during the rebellion.\r\n\r\nsumber : https://en.wikipedia.org/wiki/Bing%C3%B6l_Province', 'https://upload.wikimedia.org/wikipedia/commons/6/6a/Piltanmosque.jpg'),
(22, 'Diyarbakır', 'Diyarbakır (Turkish pronunciation: [diˈjar.bakɯr]; Armenian: Տիգրանակերտ, romanized: Tigranakert; Kurdish: Amed; Syriac: ܐܡܝܕ, romanized: Āmīd) is the largest Kurdish-majority city in Turkey. It is the administrative center of Diyarbakır Province.\r\n\r\nSituated around a high plateau by the banks of the Tigris river on which stands the historic Diyarbakır Fortress, it is the administrative capital of the Diyarbakır Province of southeastern Turkey. It is the second-largest city in the Southeastern Anatolia Region. As of December 2021, the Metropolitan Province population was 1,791,373 of whom 1,129,218 lived in the built-up (or metro) area made of the 4 urban districts (Bağlar, Kayapınar, Sur and Yenişehir).\r\n\r\nDiyarbakır has been a main focal point of the conflict between the Turkish state and various Kurdish separatist groups, and is seen by many Kurds as the de facto capital of Kurdistan. The city was intended to become the capital of an independent Kurdistan following the Treaty of Sèvres, but this was disregarded following subsequent political developments.\r\n\r\nsumber : https://en.wikipedia.org/wiki/Diyarbak%C4%B1r', 'http://t3.gstatic.com/licensed-image?q=tbn:ANd9GcSb5-dRp5aJ4JJmtuyD0_2AvfIa43659EgCdR6SFnL9CR8dHtTI8F492pX6anVtuBPg'),
(23, 'Şanlıurfa', 'Sanli Urfa (bahasa Turki: Şanlıurfa) ialah kota di Turki timur, dan ibu kota Provinsi Sanli Urfa. Kota ini dikenal dalam banyak nama. Dalam bahasa Suryani namanya ܐܘܪܗܝ, Orhāy. Dalam bahasa Kurdi namanya Riha. Dalam bahasa Arab namanya الروها, Ar-Ruha. Dalam bahasa Yunani namanya Ορρα, Orrha. Walau sering banyak dikenal dengan nama yang diberikan Dinasti Seleukus, Εδεσσα, Edessa\r\n\r\nKota modern Urfa terletak sekitar 80 km sebelah timur Sungai Eufrat. Penduduknya sekitar 385.588 jiwa (2000). Konon, di sinilah lokasi Ur, dan tempat lahir Nabi Ibrahim dikatakan ada di sebuah masjid di kota ini. Masjid Agung di Urfa dibangun pada 1170, di tempat gereja Kristen yang disebut orang Arab \"gereja merah\", kemungkinan menggabungkan beberapa masonry Romawi. Tradisi kontemporer di tempat ini mengidentifikasikan sumur di masjid ini sebagai tempat di mana handuk (mendil) Nabi Isa a.s. (Yesus) dilemparkan (lihat Gambar Edessa). Semasa dikuasai Kekaisaran Utsmani, Sanli Urfa merupakan pusat perdagangan kapas, kulit, dan permata.\r\n\r\nSanli Urfa masih memiliki reruntuhan dinding kuno dan kastil Arabnya. Ada tiga komunitas Kristen: Suriah, Armenia, dan Latin. Orang Kristen Suriah terakhir angkat kaki pada 1924 dan pindah ke Aleppo (di mana mereka tenang di tempat yang kemudian disebut Hay Al Suryan \"Pemukiman Assyria\").\r\n\r\nNama resmi kota ini diubah menjadi Sanliurfa (Şanlıurfa dalam ejaan Turki) pada 1984 yang merupakan Urfa sampai saat itu. \'Şanlı\' berarti besar, gilang-gemilang, bermartabat dalam bahasa Turki, merujuk pada peran kota ini dalam ‘Perang Kemerdekaan Turki’.\r\n\r\nsumber : https://id.wikipedia.org/wiki/Sanli_Urfa', 'http://t1.gstatic.com/licensed-image?q=tbn:ANd9GcRG1WuEAxiUy_DnzJ2beQSXUVGM-roVPHCDVTN9lTErPjZYRTMIFSKDS7EymWGZZoJZ'),
(24, 'Adıyaman', 'Adıyaman adalah sebuah provinsi di tengah selatan Turki. Provinsi ini dimekarkan pada tahun 1954 dari Provinsi Malatya. Wilayahnya adalah 7.614 km² dan memiliki penduduk sebesar 623.811 jiwa (cacah jiwa 2000). Ibu kotanya adalah Adıyaman.\r\n\r\nNemrud Dağı adalah sebuah situs arkeologi utama di provinsi ini. Situs ini terutama ternama sebagai suaka patung-patung yang dibangun oleh Antiochus Theos, raja Commagene.\r\n\r\nsumber : https://id.wikipedia.org/wiki/Provinsi_Ad%C4%B1yaman', 'http://t1.gstatic.com/licensed-image?q=tbn:ANd9GcRV0w9TrqkLtYOvv4TbUcsa9RsGeEWNa2W5znOUMnmJC2sgrsIM5A168VHuKkt06N_C'),
(25, 'Malatya', 'Malatya merupakan kota besar di wilayah Anatolia Timur Turki dan ibu kota Provinsi Malatya. Kota ini telah menjadi pemukiman manusia selama ribuan tahun. Bangsa Asyur menyebut kota tersebut dengan nama Meliddu. Kota ini memiliki penduduk 762,538 pada tahun 2012. Strabo mengatakan bahwa kota itu dikenal \"pada zaman dahulu\" sebagai Melitene (Ancientελιτηνή Yunani Kuno), sebuah nama yang diadopsi oleh Romawi setelah ekspansi Romawi ke timur. Menurut Strabo, penduduk Melitene berbagi dengan Kapadokia dan Cataonia yang berdekatan dengan bahasa dan budaya yang sama.\r\n\r\nsumber : https://id.wikipedia.org/wiki/Malatya', 'http://t3.gstatic.com/licensed-image?q=tbn:ANd9GcQacYMTYBsKLMLlJDiCWTaF4PtrfxxQPAlY1-ORJMxPn6NGcnR5ceJi-_nr0aqnKdYV'),
(26, 'Elazığ', 'Kota kuno dan benteng Harput terletak sekitar lima kilometer (3,1 mil) dari Elazığ modern; namanya berarti \"benteng batu\" dalam bahasa Armenia dan pada masa Kekaisaran Romawi Timur disebut Charpete (Χάρπετε).\r\n\r\nPada abad ke-19, di bawah pemerintahan Mahmud II, gubernur Reşid Mehmed Pashame mulai perluasan Mezre, sebuah pinggiran kota yang terletak di dataran di bawah Kharput. Selama masa pemerintahan Sultan Abdülazîz, barak militer, rumah sakit dan rumah gubernur dibangun untuk mengakomodasi kursi vilâyet baru (provinsi). Kota ini berganti nama menjadi \"Mamuretülaziz\" (Turki Utsmaniyah: معمورة العزيز dibuat makmur oleh Aziz di Turki Utsmaniyah) pada tahun 1866 pada kesempatan peringatan lima tahun penobatan Sultan Abdülaziz, meskipun ia bukan pendiri awal. Belakangan kota ini dikenal sebagai \"Elâzîz\" karena kemudahan pengucapannya. Pada 17 November 1937, Presiden Mustafa Kemal Atatürk mengubah nama kota menjadi \"El\'azik\". Namun, karena ini sulit diucapkan dalam bahasa Turki, pada 10 Desember 1937 pemerintah mengubah nama kota menjadi bentuk akhirnya, \"Elazığ\".\r\n\r\nsumber : https://id.wikipedia.org/wiki/Elaz%C4%B1%C4%9F', 'https://upload.wikimedia.org/wikipedia/commons/thumb/b/b6/Elazig_Izzetpascha-Moschee.jpg/375px-Elazig_Izzetpascha-Moschee.jpg'),
(27, 'Tunceli', 'Tunceli ialah ibu kota Provinsi Tunceli, Turki. Tunceli berpenduduk 25.041 (sensus tahun 2000) dan kebanyakan penduduknya adalah orang Zaza. Mereka bisa bertutur bahasa Turki dan Zazaki.\r\n\r\nTunceli terletak di tengah bagian timur Turki. Meskipun secara bertahap penduduknya berkurang, Tunceli masih penting bagi mereka yang tinggal dan pindah ke kota ataupun negara yang berbeda. Tunceli diliputi oleh pegunungan tinggi, yakni Munzur, dan kebanyakan pegunungan itu dianggap suci bagi orang Tunceli dan Kizilbas (Orang Kepala Merah) sebagaimana Sungai Munzur dll.\r\n\r\nAda pertentangan dalam masa yang panjang antara orang Zaza dan pemerintah Turki di Tunceli.\r\n\r\nsumber : https://id.wikipedia.org/wiki/Tunceli', 'http://t0.gstatic.com/licensed-image?q=tbn:ANd9GcRLsJOyrCw7xK74SBlLICsI8f6ttnanuSGELwwnFKItc268yKL3kNEu-m3z_LZrRjlu'),
(28, 'Gümüşhane', 'Gümüşhane (Turkish: [ɟyˈmyʃhaːne] (listen)) is a city and the capital district of Gümüşhane Province in the Black Sea region of Turkey. The city lies along the Harşit River, at an elevation of 5,000 feet (1,500 m), about 40 miles (64 km) southwest of Trabzon. According to the 2010 census, population of Gümüşhane urban center is 28,620. The district covers an area of 1,789 km2 (691 sq mi), and the city lies at an elevation of 1,153 m (3,783 ft).\r\n\r\nsumber : https://en.wikipedia.org/wiki/G%C3%BCm%C3%BC%C5%9Fhane', 'https://upload.wikimedia.org/wikipedia/commons/a/ab/G%C3%BCm%C3%BC%C5%9Fhane_Genel.JPG'),
(29, 'Giresun', 'Giresun was known to the ancient Greeks as Choerades or more prominently as Kerasous or Cerasus (Ancient Greek: Κερασοῦς), the origin of the modern name.\r\n\r\nThe name Kerasous corresponds to κερασός (kerasós) \"cherry\" + -ουντ (a place marker). Thus, the Greek root of the word \"cherry\", κερασός (kerasós), predates the name of the city, and the ultimate origin of the word cherry (and thus the name of the city) is probably from a Pre-Greek substrate, likely of Anatolian origin, given the intervocalic σ in Κερασοῦς and the apparent cognates of it found in other languages of the region.\r\n\r\nAnother theory derives Kerasous from κέρας (keras) \"horn\" + -ουντ (a place marker), for the prominent horn-shaped peninsula that the city is situated on (compare with the Greek name for the horn-shaped Golden Horn waterway in Istanbul, Κέρας (Keras) \"Horn\"). The toponym would have later mutated into Kerasunt (sometimes written Kérasounde or Kerassunde), and the word \"cherry\" (as well as its cognates found in other local languages) was derived from the name of the city itself, rather than the other way around.\r\n\r\nPharnaces I of Pontus renamed the city Pharnacia after himself after he captured the city in 183 BC; and it was called by that name as late as the 2nd century AD. According to A. H. M. Jones, the city officially reverted to its original name, Kerasous, in 64 AD.\r\n\r\nThe Greek name Kerasous was Turkified into Giresun after Turks gained permanent control of the region in the late 15th century.\r\n\r\nThe English word cherry, French cerise, Spanish cereza, Persian گیلاس (gilas) and Turkish kiraz, among countless others, all come from Ancient Greek κερασός \"cherry tree\". According to Pliny, the cherry was first exported from Cerasus to Europe in Roman times by Lucullus.\r\n\r\nsumber : https://en.wikipedia.org/wiki/Giresun', 'http://t1.gstatic.com/licensed-image?q=tbn:ANd9GcTpBQrhKMqMS2axzDIwqTzf7cSb-U9WBnzudPJJG7f83Be-A6V5xYtsTMfmJW3M305w'),
(30, 'Ordu', 'Ordu adalah sebuah kota pelabuhan di pantai Laut Hitam Turki, dan merupakan ibu kota Provinsi Ordu. Perkiraan populasi pada tahun 2011 adalah 145.455 jiwa.\r\n\r\nsumber : https://id.wikipedia.org/wiki/Ordu', 'http://t0.gstatic.com/licensed-image?q=tbn:ANd9GcTXOVlUoGNZ0O4oyU8bKzFNnQCRQk2rmXe-CmPSmuoIsoqg-XYEKkEDefHQSf2T_O0F'),
(31, 'Tokat', 'Tokat is the capital city of Tokat Province of Turkey in the mid-Black Sea region of Anatolia. It is located at the confluence of the Tokat River (Tokat Suyu) with the Yeşilırmak. In the 2018 census, the city of Tokat had a population of 155,000.\r\n\r\nThe city was established in the Hittite era. During the time of King Mithradates VI of Pontus, it was one of his many strongholds in Asia Minor.\r\n\r\nKnown as Evdokia or Eudoxia, ecclesiastically it was later incorporated into the western part of the Byzantine Greek Empire of Trebizond.\r\n\r\nSome authors like Guillaume de Jerphanion and William Mitchell Ramsay identified Tokat with the ancient and medieval Dazimon, with Ramsay saying, \"Dazimon, which seems to have been a fortress, must have been the modern Tokat, with its strong castle.\r\n\r\nHenri Grégoire, on the other hand, refuted this as implausible, because a 13th-century text written by Ibn Bibi clearly distinguishes Dazimon and Tokat as separate places. Instead, he said, Tokat should be identified with the town of Dokeia (Greek: Δόκεια) mentioned in another 10th-century text, by Theophanes Continuatus, which says that the Byzantine general John Kourkouas was born in a village near Dokeia sometime in the 9th century. According to Grégoire, the name \"Dokeia\" does not have a Greek etymology and probably represents an old Anatolian place name. The supposed derivation from \"Eudokia\", he claimed, is only a folk etymology that came much later.\r\n\r\nAfter the Battle of Manzikert the town, like most of Asia Minor, came under the control of the Seljuk Turks. After the death of Sultan Suleiman ibn Qutulmish in 1086, the Emir Danishmend Gazi took control of the area, operating from his power base in the town of Sivas. It would be many decades before the Seljuks re-took control of that region, in the reign of Kilij Arslan II. After the Battle of Köse Dağ, Seljuk hold over the region was lost, and local Emirs such as the Eretna took power until the rise of the Ottomans, who captured the town in 1392.\r\n\r\nPrior to WWI, Tokat had 40,000 residents of which included 15,000 Armenians, 1,000 Greeks, and a small number of Jews.\r\n\r\nsumber : https://en.wikipedia.org/wiki/Tokat', 'http://t1.gstatic.com/licensed-image?q=tbn:ANd9GcQ_9VtSMzAb5cvAXFLE1wKHWHfqGmqO5drp8mdV14oaRCbPESqTOaFb1sPpiXYsrDBo'),
(32, 'Sivas', 'Sivas (Latin and Greek: Sebastia, Sebastea, Σεβάστεια, Σεβαστή, Armenian: Սեբաստիա, romanized: Sebastia) is a city in central Turkey and the seat of Sivas Province.\r\n\r\nThe city, which lies at an elevation of 1,278 metres (4,193 ft) in the broad valley of the Kızılırmak river, is a moderately-sized trade centre and industrial city, although the economy has traditionally been based on agriculture. Rail repair shops and a thriving manufacturing industry of rugs, bricks, cement, and cotton and woolen textiles form the mainstays of the city\'s economy. The surrounding region is a cereal-producing area with large deposits of iron ore which are worked at Divriği.\r\n\r\nSivas is also a communications hub for the north–south and east–west trade routes to Iraq and Iran, respectively. With the development of railways, the city gained new economic importance as junction of important rail lines linking the cities of Ankara, Kayseri, Samsun, and Erzurum. The city is linked by air to Istanbul. The popular name Sebastian derives from Sebastianòs, Σεβαστιανός, meaning someone from the city.\r\n\r\nsumber : https://en.wikipedia.org/wiki/Sivas', 'http://t1.gstatic.com/licensed-image?q=tbn:ANd9GcQRMaeDjL9EGtG7O3REN2VvVeNzWTDLG6xq3qrO9lpZDgZMLyKcMtlR_thBWRSrbtyh'),
(33, 'Kahramanmaraş', 'Kahramanmaras merupakan kota yang terletak di sebelah tengah Turki. Penduduknya berjumlah 376.000 jiwa (2005).\r\n\r\nsumber : https://id.wikipedia.org/wiki/Kahramanmara%C5%9F', 'http://t2.gstatic.com/licensed-image?q=tbn:ANd9GcS1FxMFj7xjzBxn8JfC3qbv8pa_FjD8kb9ElBI1qHKCtF57JupTawhRYjNCTI5Lb9hQ'),
(34, 'Gaziantep', 'Gaziantep merupakan kota yang terletak di sebelah tenggara Turki. Penduduknya berjumlah 1.060.000 jiwa (2004).\r\n\r\nsumber : https://id.wikipedia.org/wiki/Gaziantep', 'http://t3.gstatic.com/licensed-image?q=tbn:ANd9GcQl3b_xFq0-l2Ih9s1_eUri6xvlfSqI2XeageHqpM8S3LCxiIrbT9T_f53DplJOdqOT'),
(35, 'Kilis', 'Kilis is a city in south-central Turkey, near the border with Syria, and the administrative centre of Kilis Province.\r\n\r\nsumber : https://en.wikipedia.org/wiki/Kilis', 'https://upload.wikimedia.org/wikipedia/commons/d/df/Kilis_city_center.jpg'),
(36, 'Hatay', 'Provinsi Hatay adalah sebuah provinsi Turki dan terletak di paling selatan Turki di bagian tengah. Hatay memiliki pesisir di Laut Tengah dan berbatasan dengan Suriah. Bahkan sampai tahun 1938 Hatay merupakan sebuah provinsi Suriah dan dikenal sebagai Provinsi Iskandarun. Dicaploknya daerah ini oleh Turki menjadi bahan ketengangan antara kedua negara ini sampai belum lama ini ketika masalah ini dilepas oleh pemerintahan Suriah. Beberapa peta Suriah masih menggambarkan provinsi ini sebagai wilayah Suriah.\r\n\r\nIbu kota Hatay adalah Antakya, atau disebut sebagai Antioch dalam bahasa Yunani. Kota Alexandretta juga terletak di provinsi ini, tetapi sekarang disebut dengan nama Turkinya, İskenderun.\r\n\r\nProvinsi ini memiliki wilayah seluas 5.545 km² dan penduduk sebesar 1.253.726 jiwa (menurut cacah jiwa tahun 2000).\r\n\r\nFilm Indiana Jones and the Last Crusade juga menggambarkan wilayah ini.\r\n\r\nsumber : https://id.wikipedia.org/wiki/Provinsi_Hatay', 'http://t0.gstatic.com/licensed-image?q=tbn:ANd9GcSmF4S4nU5TYQ44MvNtH9tIGyJ35fLPRRQevdFwgYmGV1lSMmWEOwVu8QIMGvKLB_2s'),
(37, 'Osmaniye', 'Osmaniye (pronounced [osˈmaːnije]) is a city on the eastern edge of the Çukurova plain in southern Turkey and the capital of Osmaniye province.\r\n\r\nBacked by the foothills of the Nur Mountains, Osmaniye lay on one of the old Silk Roads and was always a place of strategic importance since it straddled the main route between Anatolia and the Middle East.\r\n\r\nOsmaniye lies at the centre of a rich agricultural region watered by the Ceyhan river and known for growing peanuts. During the intensely hot summers many residents escape either to the Mediterranean coast or into the Nur mountains. The yayla of Zorkun is a particularly popular mountain retreat.\r\n\r\nOsmaniye is strongly associated with Devlet Bahçeli, the leader of the MHP, who was its member of parliament for many years.\r\n\r\nsumber : https://en.wikipedia.org/wiki/Osmaniye', 'http://t3.gstatic.com/licensed-image?q=tbn:ANd9GcRZh1YHUcZd3HZTCUCrcHEtOzOrroSMCZ-3qyyS_hvST8gsGPPi74NXNClmiZcHP6sy'),
(38, 'Kayseri', 'Kayseri (pengucapan [kajˈseɾi]) merupakan kota yang terletak di Turki bagian tengah. Penduduknya berjumlah 1.165.088 jiwa.\r\n\r\nsumber : https://id.wikipedia.org/wiki/Kayseri', 'http://t3.gstatic.com/licensed-image?q=tbn:ANd9GcQ7-Ar2C1n3eSG3YnsTP6wVuVRiutpe8yw9Oam7RJ0I8b-h8Ij-eE3br8HpFZE4yaxP'),
(39, 'Yozgat', 'Yozgat is a city and the capital district of Yozgat Province in the Central Anatolia Region of Turkey. According to 2019 census, population of the district is 421,200 of which 106,280 live in the city of Yozgat.\r\n\r\nsumber : https://en.wikipedia.org/wiki/Yozgat', 'https://upload.wikimedia.org/wikipedia/commons/thumb/2/28/Yozgat_Clock_Tower_2014-02-11_14-42.JPG/280px-Yozgat_Clock_Tower_2014-02-11_14-42.JPG'),
(40, 'Amasya', 'Amasya (Turkish pronunciation: [aˈmasja]) is a city in northern Turkey and is the capital of Amasya Province, in the Black Sea Region. It was called Amaseia or Amasia in antiquity. Amasya stands in the mountains above the Black Sea coast, set apart from the rest of Anatolia in a narrow valley along the banks of the Yeşilırmak River. Although near the Black Sea, this area is high above the coast and has an inland climate, well-suited to growing apples, for which Amasya province, one of the provinces in north-central Anatolia Turkey, is famed. It was the home of the geographer Strabo and the birthplace of the 15th century Armenian scholar and physician Amirdovlat Amasiatsi. Located in a narrow cleft of the Yeşilırmak (Iris) river, it has a history of 7,500 years with many traces still evident today.\r\n\r\nIn antiquity, Amaseia was a fortified city high on the cliffs above the river. It has a long history as a wealthy provincial capital, producing kings and princes, artists, scientists, poets and thinkers, from the kings of Pontus, through Strabo the geographer, to many generations of the Ottoman imperial dynasty. With its Ottoman-period wooden houses and the tombs of the Pontus kings carved into the cliffs overhead, Amasya is attractive to visitors. In recent years, there has been much investment in tourism, and therefore more foreign and Turkish tourists have visited the city.\r\n\r\nDuring the early Ottoman rule, it was customary for young Ottoman princes to be sent to Amasya to govern and gain experience. Amasya was also the birthplace of the Ottoman sultans Murad I and Selim I. Traditional Ottoman houses near the Yeşilırmak and the other main historical buildings have been restored; these traditional Yalıboyu houses are now used as cafes, restaurants, pubs and hotels. Behind the Ottoman wooden houses one can see the rock tombs of the Pontic kings.\r\n\r\nsumber : https://en.wikipedia.org/wiki/Amasya', 'http://t3.gstatic.com/licensed-image?q=tbn:ANd9GcTLLSps1M1Eb56WTvFPOI6Rwd6NikeDKbnV7DPr75uk-RpXKR4TpjXaN5b1AgIpU-9l'),
(41, 'Samsun', 'Samsun merupakan kota yang terletak di Turki bagian utara. Penduduknya berjumlah 394.000 jiwa (2005).\r\n\r\nsumber : https://id.wikipedia.org/wiki/Samsun', 'http://t0.gstatic.com/licensed-image?q=tbn:ANd9GcTShgeU3oaEE4gFJ7imTZcBa9j0b0HY6NPoEJrKibLR2_GOX3danpMGx4w0JfRJAT16'),
(42, 'Sinop', 'Sinop (bahasa Yunani: Σινώπη, Sinope) merupakan kota yang terletak di Turki bagian utara. Penduduknya berjumlah 47.000 jiwa. Kota terletak di ujung paling utara dari sisi Turki pantai Laut Hitam, di wilayah kuno Paphlagonia, pada zaman modern Turki utara, secara historis dikenal sebagai Sinope . Ini adalah ibu kota Provinsi Sinop.\r\n\r\nsumber : https://id.wikipedia.org/wiki/Sinop,_Turki', 'http://t0.gstatic.com/licensed-image?q=tbn:ANd9GcR0xjaL_xZbyF0xfnqTA6hNeiramAzc8nnWePeb2371gONbGZFkMOKckjWtnLqx4DQD'),
(43, 'Çorum', 'Çorum (Turkish pronunciation: [ˈtʃoɾum]) (Medieval Greek: Ευχάνεια, romanized: Euchaneia) is a northern Anatolian city that is the capital of the Çorum Province of Turkey. Çorum is located inland in the central Black Sea Region of Turkey, and is approximately 244 km (152 mi) from Ankara and 608 km (378 mi) from Istanbul. The city has an elevation of 801 m (2,628 ft) above sea level, a surface area of 12,820 km2 (4,950 sq mi), and as of the 2016 census, a population of 237,000.\r\n\r\nÇorum is primarily known for its Phrygian and Hittite archaeological sites, its thermal springs, and its native roasted chick-pea snacks known nationally as leblebi.\r\n\r\nsumber : https://en.wikipedia.org/wiki/%C3%87orum', 'http://t2.gstatic.com/licensed-image?q=tbn:ANd9GcTxW4Rgm26V0U03dNNT_RiI8yyiByblYhKTuI0UC079W_7p1zCjjdYv9zt-1atUiBAH'),
(44, 'Kırıkkale', 'Kırıkkale is the capital of the Kırıkkale Province in the Central Anatolia region of Turkey. It is located 80 km east of Ankara which is the capital city of Turkey. According to the 2000 census, the population of the province is 280,834, of which 192,705 live in the city of Kırıkkale. The name of the city means broken castle.\r\n\r\nThe town of Kırıkkale is located on the Ankara-Kayseri railway near the Kızılırmak River in central Turkey. Formerly a village, it owes its rapid rise in population mainly to the establishment of steel mills in the 1950s. These works, among the largest in the country, specialize in high-quality alloy steel and machinery. In the 1960s, chemical plants were added and in 1986, the Tüpraş Kırıkkale Oil Refinery was established.\r\n\r\nKırıkkale University is located in the city.\r\n\r\nsumber : https://en.wikipedia.org/wiki/K%C4%B1r%C4%B1kkale', 'http://t0.gstatic.com/licensed-image?q=tbn:ANd9GcQELNmvs63gIqY603w4DIm7GDVlxMpfOXjIIjLW_r3vAWV-RAFCHgDebRLyQpx59UBS'),
(45, 'Kırşehir', 'Kırşehir, formerly Mocissus (Ancient Greek: Μωκισσός) and Justinianopolis (Ἰουστινιανούπολις), is a city in Turkey. It is the capital district of the Kırşehir Province. According to the 2000 census, the population of the district is 121,947 of which 105,826 live in the city of Kırşehir. The Mayor of Kırşehir is Selehattin Ekicioğlu.\r\n\r\nsumber : https://en.wikipedia.org/wiki/K%C4%B1r%C5%9Fehir', 'http://t1.gstatic.com/licensed-image?q=tbn:ANd9GcSFGLRuSObI-6gtLrMypXpeUVHbHVVIeWJbCAmk5pQ1B1djrcTpmETAX28W_n11EIA4'),
(46, 'Nevşehir', 'Nevşehir (from the Persian compound نو شهر Now-shahr meaning \"new city\"), formerly Neapolis (Ancient Greek: Νεάπολις) and Muşkara, is a largely modern city and the capital district of Nevşehir Province in the Central Anatolia Region of Turkey. According to the 2020 census, the population of the city is 82,110. It is 290 km (180 mi) from the capital Ankara and lies within the historical region of Cappadocia.\r\n\r\nThe town lies at an elevation of 1,224 m (4,016 ft) and has a continental climate, with heavy snow in winter and great heat in summer. Although Nevşehir is close to the underground cities, fairy chimneys, monasteries, caravanserais and rock-hewn churches of Cappadocia, and has a few hotels, the modern town is not itself a tourist centre. In 2015 a huge underground city was discovered underneath its centre following demolition works intended to clear the central hillside of ramshackle modern housing.\r\n\r\nFounded in 2007, Nevşehir University was renamed Nevşehir Hacı Bektaş Veli University in 2013.\r\n\r\nNevşehir Kapadokya Airport (NAV) is 30 kilometres northwest of the town. The inter-city bus station is about 6 km southwest of the city centre. Two planned high-speed rail services should eventually link Nevşehir to Antalya, Konya, Kayseri and Ankara.\r\n\r\nsumber : https://en.wikipedia.org/wiki/Nev%C5%9Fehir', 'http://t3.gstatic.com/licensed-image?q=tbn:ANd9GcSLYg98G3m6vWVmiH9T_cwQAVRxW-byrNuhVUv0cqRo92-gm8pKbLh6dRsNQceq64sf'),
(47, 'Niğde', 'Niğde (Turkish pronunciation: [ni:de]; Ancient Greek: Νίγδη; Hittite: Nahita, Naxita) is a city and the capital of Niğde province in the Central Anatolia region of Turkey at an elevation of 1,299 m. In 2017 the city population was 141,010 people.\r\n\r\nThe city is small with plenty of green space and gardens around the houses. Its people generally tend to be religious and conservative.\r\n\r\nMedieval monuments are scattered about the centre of the town, especially around the market place.\r\n\r\nThe nearest airport is Nevşehir Kapadokya Airport (NAV) which is 90.6 km (50.6 miles) away.\r\n\r\nsumber : https://en.wikipedia.org/wiki/Ni%C4%9Fde', 'http://t0.gstatic.com/licensed-image?q=tbn:ANd9GcQX918kW-ZVxXBDe6ijm9gC2tZAu80p3ZSadukJvp69rE3ptpzIAYQknLozR6K-wvhF'),
(48, 'Mersin', 'Mersin merupakan sebuah kota di Turki. Kota ini terletak di bagian selatan. Tepatnya di Provinsi Mersin. Pada tahun 2010, kota ini memiliki jumlah penduduk sebesar 891.495 jiwa dan memiliki tanah seluas 1.772 km².\r\n\r\nKota ini memiliki angka kepadatan penduduk sebesar 466 jiwa/km².\r\n\r\nsumber : https://id.wikipedia.org/wiki/Mersin', 'http://t3.gstatic.com/licensed-image?q=tbn:ANd9GcTMs24K70IGS4tjuCcemrPPGlKHn0beYwYMVksr4s7Bje0-ZuoJffnlRTVHxOrfR_ob'),
(49, 'Karaman', 'Karaman, historically known as Laranda (Greek: Λάρανδα), is a city in south central Turkey, located in Central Anatolia, north of the Taurus Mountains, about 100 km (62 mi) south of Konya. It is the capital district of the Karaman Province. According to the 2000 census, the population of the province is 231,872 of which 132,064 live in the town of Karaman. The district covers an area of 3,686 km2 (1,423 sq mi), and the town lies at an average elevation of 1,039 m (3,409 ft). The Karaman Museum is one of the major sights.\r\n\r\nsumber : https://en.wikipedia.org/wiki/Karaman', 'http://t3.gstatic.com/licensed-image?q=tbn:ANd9GcTtKctmsH82s6TgQZ_VpIu5dd7CU1oVtX6Aot_TPUMUD6c5aMVGuw234W3zZbmtZELl'),
(50, 'Konya', 'Konya (bahasa Turki Ottoman: قونیه; juga disebut Koniah, Konieh, Konia, dan Qunia merupakan kota yang terletak di Turki bagian selatan, pada plato tengah Anatolia; dalam sejarah kota ini dulu dikenal dengan nama Ikonium (bahasa Latin), bahasa Yunani: Ἰκόνιον Ikónion). Penduduknya berjumlah 742.690 jiwa (2000).\r\n\r\nsumber : https://id.wikipedia.org/wiki/Konya', 'http://t3.gstatic.com/licensed-image?q=tbn:ANd9GcRzo3KULPSkxkAQ7VYJalbwjBiSuUSfMfiJX5ZdKDbh93B_pY7zrO_LUTzJIVBIURp3'),
(51, 'Aksaray', '', 'http://t0.gstatic.com/licensed-image?q=tbn:ANd9GcQOShDlKpGrqfrmTxVK4W5gGyvRRkPueHO_L-HWRBvpu2bz9MyiycDVcPLCRL_0l80O'),
(52, 'Ankara', 'Ankara adalah ibu kota Turki sejak tahun 1923, menggantikan Konstantinopel atau Istanbul. Kota ini juga menjadi ibu kota Provinsi Ankara. Sebelumnya, Ankara dikenal dengan nama Angora atau Engürü; pada masa Romawi dikenal sebagai Ancyra; dan pada masa Helenistik sebagai Áŋkyra. Ia terletak pada ketinggian 938 meter di atas permukaan.[3]\r\n\r\nKota terbesar kedua di Turki ini dihuni oleh 4.455.453 jiwa (2007) dan sangat penting dilihat dari sisi ekonomi dan industri. Sebagai pusat pemerintahan Turki, di Ankara terletak seluruh kedutaan besar negara-negara lain. Kota ini terletak di daerah terkering di Turki dan dikelilingi daerah stepa dengan berbagai situs arkeologi dari masa Ottoman, Byzantium, dan Romawi.\r\n\r\nsumber : https://id.wikipedia.org/wiki/Ankara', ''),
(53, 'Çankırı', 'Çankırı, historically known as Gangra (Greek: Γάγγρα), is the capital city of Çankırı Province, in Turkey, about 140 km (87 mi) northeast of Ankara. It is situated about 800 m (2500 ft) above sea level.\r\n\r\nÇankırı was known in antiquity as Gangra (Greek: Γάγγρα), and later Germanicopolis (Greek: Γερμανικόπολις). The city has also been known as Changra, Kandari or Kanghari\r\n\r\nΑ town of Paphlagonia that appears to have been once the capital of Paphlagonia and a princely residence, for it is known from Strabo that Deiotarus Philadelphus (before 31 BC–5/6 AD), the last king of Paphlagonia, resided there.[3] Notwithstanding this, Strabo describes it as only \"a small town and a garrison\".\r\n\r\nAccording to 1st-century BC writer Alexander the Polyhistor[4] the town was built by a goat herder who had found one of his goats straying there; but this origin is probably a mere philological speculation as gangra signifies \"a goat\" in the Paphlagonian language.\r\n\r\nGangra was absorbed into the Roman province of Galatia upon the death of Deiotarus in 6/5 BC. The earlier town was built on the hill behind the modern city, on which are the ruins of a late fortress, while the Roman city occupied the site of the modern city.[5]\r\n\r\nIn the writings of the 2nd-century AD Greco-Roman writer Ptolemy, the city is referred to as Germanicopolis (Greek: Γερμανικόπολις).[6][7] It was named Germanicopolis, after Germanicus or possibly the emperor Claudius, until the time of Caracalla.\r\n\r\nIn Christian times, Gangra was the metropolitan see of Paphlagonia.[5] Hypatios, bishop of Gangra, is considered a saint in the Orthodox Christian tradition. He was killed by Arians on his return from the Council of Nicaea (325 AD), in which he took part.\r\n\r\nIn the 4th century, the town was the scene of an important ecclesiastical synod, the Synod of Gangra. There is disagreement about the date of the synod, with dates varying from AD 341 to 376. The synodal letter states that twenty-one bishops assembled to take action concerning Eustathius of Sebaste[8] and his followers. The synod issued twenty canons known as the Canons of Gangra; these were declared ecumenical by the Council of Chalcedon in 451. Under these canons, the sect disowned marriage, disparaged the offices of the church, held conventicles of their own, wore a peculiar dress, denounced riches, and affected special sanctity. The synod condemned the Eustathian practices, declaring however that it was not virginity that was condemned, but the dishonouring of marriage; not poverty, but the disparagement of honest and benevolent wealth; not asceticism, but spiritual pride; not individual piety, but dishonouring the house of God.[5]\r\n\r\nOver the centuries the settlement witnessed the hegemony of many cultures and races, such as Hittites, Persians, ancient Greeks, Parthians, Pontic Greeks, Galatians, Romans, Byzantine Greeks, up to the Seljuks and finally the Ottoman Turks. Traces from its long past are still visible throughout the city. The continuity of the city\'s name from ancient times across languages is of note: Hangara for the Arabs, Gagra for the Jews and Tzungra or Kângıri or Çankıri for the Turks.\r\n\r\nsumber : https://en.wikipedia.org/wiki/%C3%87ank%C4%B1r%C4%B1', 'http://t1.gstatic.com/licensed-image?q=tbn:ANd9GcRPdZSSugzeD9ykqRsIDMhy-Lt2E179G9sKo_tQ1QguZ-MQ9d94XnggBw7Gu2oQ9WvY'),
(54, 'Kastamonu', 'Kastamonu is the capital district of the Kastamonu Province, Turkey. According to the 2000 census, population of the district is 102,059 of which 64,606 live in the urban center of Kastamonu.[3][4] (Population of the urban center in 2010 is 91,012.[5]) The district covers an area of 1,834 km2 (708 sq mi),[6] and the town lies at an elevation of 904 m (2,966 ft). It is located to the south of the province.\r\n\r\nThe city is believed to have been founded in the 18th century BC. The town was known as Timonion (Τιμόνιον in Greek) during the Roman period.[citation needed]\r\n\r\nThe change of name of the town dates to the tenth century AD. Manuel Erotikos Komnenos, a prominent general and the father of the Byzantine emperor Isaac I Komnenos, was given lands around Kastamonu by Emperor Basil II and built a fortress there named Kastra Komnenon (Κάστρα Κομνηνῶν). Manuel came to the notice of Basil II because of his defence, in 978, of Nicaea against the rebel Bardas Skleros.[7] The name Kastra Komnenon was shortened to Kastamone, and later turkified to Kastamoni and Kastamonu.\r\n\r\nIbn Battuta visited the city, noting it as \"one of the largest and finest cities, where commodities are abundant and prices low.\" He stayed here forty days.[8]\r\n\r\nThe famous Sufi saint of the city is Shaykh Shaban Veli (Şaban-ı Veli in Turkish, d. 976 AH/1569 AD).[9][10]\r\n\r\nThe Dress Code Revolution of Kemal Atatürk started on August 23, 1925, at Kastamonu. Atatürk made his historical speech concerning the \"Hat and Dress Revolution\" during his visit to Kastamonu in 1925 in the Republican People\'s Party building.[11] The building is now used as the Archeological Museum of Kastamonu. The possessions used by Atatürk in his Kastamonu visit are also exhibited in the museum.\r\n\r\nsumber : https://en.wikipedia.org/wiki/Kastamonu', 'http://t2.gstatic.com/licensed-image?q=tbn:ANd9GcRk4wZ1RYdULCS3ixAu0KPgCwjDgh1uPd8p-DZnVfqIiCdhRY2eVRl2n6jcNzfAyfx9'),
(55, 'Bartın', 'Bartın is a city in northern Turkey and the central district of the province of Bartın.\r\n\r\nFormerly a district of Zonguldak Province, Bartın was made into a province seat in 1991 with the constitution of its province, including four districts: Central Bartın, Amasra, Kurucaşile, and Ulus. The city, with a population of c. 48,000,[3] is situated 14 kilometres (8.7 mi) inland on the Bartın River (Bartın Çayı) that is navigable for vessels between the city and the Black Sea coast. Bartın River is the only navigable river for vessels in Turkey.\r\n\r\nsumber : https://en.wikipedia.org/wiki/Bart%C4%B1n', 'http://t2.gstatic.com/licensed-image?q=tbn:ANd9GcSoTDVXvJhn8Do5KyyOHgUGebqtpIc5qAf0DWcayRGkbvGz2OZ3XHne3UI_DsYAY-_b'),
(56, 'Karabük', 'Karabük is a town and the capital district of Karabük Province in the Black Sea region of Turkey. According to the 2009 census, population of the city is 108 167.[3][4] The district covers an area of 760 km2 (293 sq mi),[5] and the town lies at an elevation of 354 m (1,161 ft).\r\n\r\nKarabük was built in the 1930s as the seat of the iron and steel industry of Turkey. Thus it has one of the worst- if not the worst - air pollution in the country, with a hazardous Air Quality Index of 328.[6] Karabük lies in a location near Filyos River formed by the merge of Araç and Soğanlı rivers.', 'https://upload.wikimedia.org/wikipedia/commons/3/3a/Karab%C3%BCk_view_8028.jpg'),
(57, 'Bolu', 'Bolu is a city in Turkey, and administrative center of the Bolu Province. The population is 131,264 (2012 census).[3]\r\n\r\nThe city has been governed by mayor Tanju Özcan (CHP) since local elections in 2019. It was the site of Ancient Claudiopolis and has also been called Eskihisar (\"old fortress\") (and as such has several Turkish namesakes).\r\n\r\nBolu is on the old highway from Istanbul to Ankara, which climbs over Mount Bolu, while the new motorway passes through Mount Bolu Tunnel below the town.\r\n\r\nsumber : https://en.wikipedia.org/wiki/Bolu', 'https://cdn.britannica.com/25/145125-050-C4EBCA22/Bolu-Tur.jpg');
INSERT INTO `polygons` (`id`, `name`, `desc`, `image`) VALUES
(58, 'Eskişehir', 'Eskişehir adalah sebuah kota di barat laut Turki dan ibu kota dari Provinsi Eskişehir . Menurut sensus 2009, penduduk kota ini 631.905 jiwa. Kota ini terletak di tepi Sungai Porsuk dengan ketinggian 792 mdpl. Kota ini terletak 233 km di sebelah barat Ankara.\r\n\r\nEskişehir merupakan salah satu kota industri otomotif terkemuka di Turki . Industri pangan di kota ini yaitu penggilingan tepung dan brickyards, kota diperluas dengan dibangunnya bengkel kereta api pada tahun 1894 untuk tujuan Kereta Api Berlin-Baghdad. Di Eskişehir juga terdapat lembaga-lembaga budaya dan seni dengan terdapat setidaknya dua Universitas.\r\n\r\nsumber : https://id.wikipedia.org/wiki/Eski%C5%9Fehir', 'http://t2.gstatic.com/licensed-image?q=tbn:ANd9GcQUYI62OkfoVD2dGsrEfZNprquynQfXzhjkmYPysqyUXrp8e22YqPhS3Tv-jLl_b_8a'),
(59, 'Afyon', 'Afyonkarahisar (Pengucapan bahasa Turki: [afjonkaɾahiˈsaɾ], bahasa Turki: afyon \"apiun, opium\", \'kara\' \"hitam\", \'hisar\' \"benteng\"[1]) adalah sebuah kota di barat Turkey, ibu kota Provinsi Afyon. Afyon terletak di sisi luar kota yang terletak di pedalaman pegunungan dari pesisir Aegea, 250 km (155 mi) barat-daya dari Ankara sepanjang Sungai Akarçay. Ketinggiannya adalah 1.021 m (3.350 ft). Populasi (menurut sensus 2010), 173.100.[2]\r\n\r\nsumber : https://id.wikipedia.org/wiki/Afyonkarahisar', 'http://t0.gstatic.com/licensed-image?q=tbn:ANd9GcTLn-ZWE97X1-IoMdNcQibHpQBKcguResibh8Tu8feaVaF7H4lXBTqPQMT8P-B1SlrO'),
(60, 'Isparta', 'Isparta (Yunani Σπάρτα) adalah ibu kota provinsi dengan nama yang sama di Turki.\r\n\r\nKota ini terletak pada ketinggian 1049 m di Pegunungan Taurus Barat di dekat Sungai Aksu.\r\n\r\nKegiatan ekonomi utama di Isparta adalah produksi air mawar dan pembuatan karpet.\r\n\r\nsumber : https://id.wikipedia.org/wiki/Isparta', 'http://t2.gstatic.com/licensed-image?q=tbn:ANd9GcSMPplt0rHyl2vrBDHf3FCc0GEzBuMb17fEmjMyJKwOiV3z3ruCiNIAafGq6ZVCrLUD'),
(61, 'Antalya', 'Antalya (dahulu dikenal sebagai Atalia atau Adalia; dari bahasa Yunani Pamfilia: Αττάλεια Attália) merupakan ibu kota Provinsi Antalya yang terletak di sebelah barat Turki. Penduduknya berjumlah 758.000 jiwa (2004). Terletak di tebing yang curam dan dikelilingi oleh pegunungan, hutan, dan Laut Tengah, kota ini memiliki pemandangan yang indah. Pembangunan pada tahun 1970-an dalam bidang pariwisata telah mengubah kota ini menjadi pusat peristirahatan internasional.\r\n\r\nsumber : https://id.wikipedia.org/wiki/Antalya', 'http://t1.gstatic.com/licensed-image?q=tbn:ANd9GcSQOY5LqyleXEf4M5jJi5ZsXn_CZBJ82F4BeXXYt-5DCngd70vsuCQaaTCWCpTURSTa'),
(62, 'Burdur', 'Burdur is a city in southwestern Turkey. The seat of Burdur Province, it is located on the shore of Lake Burdur. Its estimated 2010 population is 78,389.[3]\r\n\r\nsumber : https://en.wikipedia.org/wiki/Burdur', 'https://upload.wikimedia.org/wikipedia/commons/thumb/0/05/Burdur_manzara_-_panoramio.jpg/800px-Burdur_manzara_-_panoramio.jpg'),
(63, 'Denizli', 'Denizli merupakan kota yang terletak di Turki bagian barat. Penduduknya berjumlah 525.497 jiwa (2012). Kota ini merupakan ibu kota provinsi Denizli. Kota ini memiliki luas wilayah 798,75 km².\r\n\r\nKota ini memiliki angka kepadatan penduduk sebesar 690 jiwa/km².\r\n\r\n\r\n\r\nsumber : https://id.wikipedia.org/wiki/Denizli', 'http://t1.gstatic.com/licensed-image?q=tbn:ANd9GcTTwMMnLiQaK3Fjvb9lPBjN_21h8IeTKF7LrNSvAHUpUYZxylYBRtbOJ4M2Djpzv2xN'),
(64, 'Uşak', 'Uşak (Turkish pronunciation: [ˈuʃak]; Greek: Ουσάκειον, romanized: Ousakeion[4]) is a city in the interior part of the Aegean Region of Turkey. The city has a population of 500,000 (2016 census) and is the capital of Uşak Province.\r\n\r\nUşak city is situated at a distance of 210 km (130 mi) from İzmir, the region\'s principal metropolitan center and port city. Benefiting from its location at the crossroads of the Central Anatolian plateau and the coastal Aegean Region, and from a climate and agricultural production incorporating elements of both of these zones, Uşak has also traditionally had a strong industrial base. Uşak was the first city in Turkey to have an urban electricity network, and the first city where a collective labor relations agreement was signed, during the Ottoman era, between leather industry employees and workers. It was here that the first factory of Republican Turkey, a sugar refinery, was set up through a private sector initiative among local businessmen. The tradition of industriousness continues today around two industrial zones.\r\n\r\nsumber : https://en.wikipedia.org/wiki/U%C5%9Fak', 'http://t3.gstatic.com/licensed-image?q=tbn:ANd9GcSX1_dd61hdUl9hcTE4y-c1rAcdvkqeeVqmhwB6w10Mp3FJxYUq8bEDK9l6XPzVtL1m'),
(65, 'Kütahya', 'Kütahya (Turkish pronunciation: [cyˈtahja]) (historically, Cotyaeum or Kotyaion, Greek: Κοτύαιον) is a city in western Turkey which lies on the Porsuk river, at 969 metres above sea level. It is inhabited by some 578,640 people (2022 estimate). The region of Kütahya has large areas of gentle slopes with agricultural land culminating in high mountain ridges to the north and west.\r\n\r\nsumber : https://en.wikipedia.org/wiki/K%C3%BCtahya', 'http://t1.gstatic.com/licensed-image?q=tbn:ANd9GcR-jBLIG47MU7ZaaAkYMhLWhFFOvwBvg-jQZ40x724mW763MNHLYJn7vK4Hv5z3lIKw'),
(66, 'Bilecik', 'Bilecik is the provincial capital of Turkey\'s Bilecik Province which is located in northwestern Anatolia. As of 2015 urban population of the city is 64,531.[3] The mayor is Semih Şahin (CHP).\r\n\r\nThe town is famous for its numerous restored Turkish houses. It is increasingly becoming more attractive to tourists. With its rich architectural heritage, Bilecik is a member of the European Association of Historic Towns and Regions.[4] 30 kilometres (19 miles) southeast from Bilecik is Söğüt, a small town, where the Ottoman Empire was founded in 1299.\r\n\r\nsumber : https://en.wikipedia.org/wiki/Bilecik', 'http://t0.gstatic.com/licensed-image?q=tbn:ANd9GcRK1lF2qyHK1xfPIOxCr-7yxRaDBtccgb00hB2sVnBAq80OvxmB2haffymNmD8X-LT6'),
(67, 'Sakarya', 'Sakarya (bahasa Turki: Sakarya ili) adalah sebuah provinsi Turki.\r\n\r\nsumber : https://id.wikipedia.org/wiki/Provinsi_Sakarya', 'https://mustappiturki2016.files.wordpress.com/2016/01/9.jpg?w=1024'),
(68, 'Düzce', 'Düzce is the capital city of Düzce Province, the eighty-first Province in Turkey. The population is 367,087 and in 2009 was 125,240, an increase from 61,878 in 1990.\r\n\r\nDüzce is the eighty-first and the newest province of Turkey. It is situated on the Black Sea between the Capital Ankara and Istanbul. It was greatly affected by both the Marmara and Düzce earthquakes of 1999.\r\n\r\nAnkara is 240 km to the east and Istanbul is 228 km to the west. Road D-100 passes through Düzce, while the TEM highway passes around it.\r\n\r\nDüzce is on the plateau of the West Black Sea coast. It is bordered to the west by Sakarya, to the northeast by Zonguldak, and to the east by Bolu. It opens to the Black Sea with the valley of Büyük Melen on the northwest. Düzce is 23 km across from east to west, and 20 km from north to south.\r\n\r\nNearby are also some tourist centers and popular attractions such as Abant, Kartalkaya, Yedigoller, Golcuk and Akcakoca.\r\n\r\nThe main agricultural products in Düzce are tobacco, maize wheat, nut and many kinds of wheat and vegetables.\r\n\r\nsumber : https://en.wikipedia.org/wiki/D%C3%BCzce', 'https://upload.wikimedia.org/wikipedia/commons/9/98/D%C3%BCzce-435.jpg'),
(69, 'Zonguldak', 'Zonguldak (Turkish pronunciation: [zoŋˈguɫdak]) is a city and the capital of Zonguldak Province in the Black Sea region of Turkey. It was established in 1849 as a port town for the nearby coal mines in Ereğli and the coal trade remains its main economic activity.[citation needed] According to the 2009 census, Zonguldak has a population of 108,792. The current mayor is Ömer Selim Alan, representing the AKP.\r\n\r\nsumber : https://en.wikipedia.org/wiki/Zonguldak', 'http://t3.gstatic.com/licensed-image?q=tbn:ANd9GcTbu6xkBnMF5EdXhsqt_cCtAdwhDqS-9gDQVLnbylgpdyN1amnkW5hu6QBK_Dq6PAKo'),
(70, 'Kocaeli', 'Kocaeli (bahasa Turki: Kocaeli ili , pengucapan [kodʒaˈeli]) adalah sebuah provinsi Turki.\r\n\r\nsumber : https://id.wikipedia.org/wiki/Provinsi_Kocaeli', 'https://www.turkeyexpert.com/content/blogs/291/1_kocaeli-izmit-an-alternative-location-near-istanbul2.jpg'),
(71, 'Bursa', 'Bursa adalah sebuah pasar yang sangat terorganisasi: yang mempertemukan pembeli dengan penjual tanpa mereka tahu siapa lawan transaksi mereka. Bursa (terutama) menjadi tempat perdagangan efek, komoditas, mata uang, dan kontrak berjangka dan kontrak hak beli/jual. Sebuah bursa mempertemukan pembeli dengan penjual tanpa mereka tahu siapa lawan transaksi mereka. Sering kata \"Bursa\" digunakan secara salah sebagai pasar terorganisir saja tanpa ada penjaminan terhadap kemungkinan gagal janji. Untuk mengerti istilah \"Bursa\" dengan lebih jelas, coba pertentangkan istilah ini dengan \"Luar Bursa\" (Over The Counter)\r\n\r\nsumber : https://id.wikipedia.org/wiki/Bursa', 'https://merahputih.com/media/18/f3/c4/18f3c496ec94e3bcdec9d57885aed62f.JPG'),
(72, 'Balıkesir', 'Balıkesir merupakan kota yang terletak di sebelah barat Turki. Penduduknya berjumlah 218.000 jiwa (2005).\r\n\r\nsumber : https://id.wikipedia.org/wiki/Bal%C4%B1kesir', 'http://t0.gstatic.com/licensed-image?q=tbn:ANd9GcQT_rfXZh6aSOT_ok2AA8odEneG2c3inWCqQiAtmwMWL0_YmUg4lZbjjc2OYXzsX8fC'),
(73, 'Manisa', 'Manisa (Pengucapan bahasa Turki: [maˈnisa], dari bahasa Yunani: Μαγνησία, Magnesia) adalah kota besar di Provinsi Manisa, Wilayah Aegea, Turki.\r\n\r\nManisa modern merupakan pusat industri dan jasa yang sedang berkembang pesat karena kedekatannya dengan kota pelabuhan internasional dan pusat metropolitan regional İzmir, serta karena tanahnya yang subur untuk pertanian.\r\n\r\nsumber : https://id.wikipedia.org/wiki/Manisa', 'http://t2.gstatic.com/licensed-image?q=tbn:ANd9GcQP_nCTwWf4GAwjWE85PxXfYnLcuf0zAswx-aF8_KEAB3YhM_TV-nZgW7_mChL4Oo9y'),
(74, 'İzmir', 'İzmir atau Smyrna (bahasa Yunani: Σμύρνη Smýrnē) adalah sebuah kota metropolitan yang terletak di ujung barat Anatolia dan merupakan kota terbesar ketiga di Turki setelah Istanbul dan Ankara. Penduduknya berjumlah 3.209.179 jiwa (2019). İzmir juga merupakan ibu kota Provinsi İzmir.\r\n\r\nsumber : https://id.wikipedia.org/wiki/%C4%B0zmir', 'http://t0.gstatic.com/licensed-image?q=tbn:ANd9GcSAFA2KKr9ZSeDrEdgmZu6SlqP9fEpTLcIcDr_fcRQmtAPLgARa58vEJspEyy1h-s9n'),
(75, 'Aydın', 'Aydın (/ˈaɪdɪn/ EYE-din; bahasa Turki: [ˈajdɯn]; dulunya disebut Güzelhisar, Yunani Kuno dan Modern: Τράλλεις /Tralleis/) adalah sebuah kota di Provinsi Aydın, Kawasan Aegea, Turki. Kota tersebut berada di jantung lembah hilir Sungai Büyük Menderes (dulunya Sungai Meander). Populasinya berjumlah 207.554 pada 2014.[1]\r\n\r\nsumber : https://id.wikipedia.org/wiki/Ayd%C4%B1n', 'http://t1.gstatic.com/licensed-image?q=tbn:ANd9GcTvV3Shd8dawPE41d-z4TSGv5d6C5oGp6-fMndoa8ehJlM4dmFu_hD8VqGu-5m0Vo61'),
(76, 'Muğla', 'Muğla (Turkish: [ˈmuːɫa]) is a city in southwestern Turkey. The city is the center of the District of Menteşe and Muğla Province, which stretches along Turkey\'s Aegean coast. Muğla\'s center is situated inland at an altitude of 660 m and lies at a distance of about 30 km (19 mi) from the nearest seacoast in the Gulf of Gökova to its south-west. Muğla (Menteşe) district area neighbors the district areas of Milas, Yatağan and Kavaklıdere to its north by north-west and those of Ula and Köyceğiz, all of whom are dependent districts. Muğla is the administrative capital of a province that incorporates internationally well-known and popular tourist resorts such as Bodrum, Marmaris, Datça, Dalyan, Fethiye, Ölüdeniz and also the smaller resort of Sarigerme.\r\n\r\nsumber : https://en.wikipedia.org/wiki/Mu%C4%9Fla', 'http://t0.gstatic.com/licensed-image?q=tbn:ANd9GcRnK8s13pL-WpV6eITggmw5T-xcA84GjsPYJLp9Z01CtXyH0FSeBe_sJSdXD65JOKyx'),
(77, 'Çanakkale', 'Çanakkale (bahasa Turki: Çanakkale ili) adalah sebuah provinsi Turki. Wilayah provinsi ini terletak di dua benua, yaitu di Eropa dan Asia. Ibu kota provinsi ini adalah Çanakkale. Kota Gelibolu (Yunani: Καλλίπολις) terletak di provinsi ini.\r\n\r\nsumber : https://id.wikipedia.org/wiki/Provinsi_%C3%87anakkale', 'https://upload.wikimedia.org/wikipedia/commons/f/fd/%C3%87anakkale_%288708444335%29.jpg'),
(78, 'Yalova', 'Yalova adalah sebuah kota yang terletak di barat laut Turki, dekat pantai timur Laut Marmara. Yalova memiliki populasi kota 100.863, sementara populasi Provinsi Yalova adalah 118.998.[3] hingga 2011.\r\n\r\nsumber : https://id.wikipedia.org/wiki/Yalova', 'https://www.yalova.bel.tr/upload/slaytlar/2022_03_21-jQcZL2TNlty8DoZAh2Wr.jpg'),
(79, 'İstanbul', 'Istanbul (/ˌɪstænˈbuːl/ atau /ˌiːstɑːnˈbuːl/;[8][9] bahasa Turki: İstanbul [isˈtanbuɫ] ( simak)), yang dalam sejarah juga dikenal sebagai Konstantinopel dan Bizantium, adalah kota terpadat di Turki yang menjadi pusat perekonomian, budaya, dan sejarah negara tersebut. Istanbul merupakan kota lintas benua di Eurasia yang membentang melintasi Selat Bosporus di antara Laut Marmara dan Laut Hitam. Pusat perdagangan dan sejarahnya terletak di sisi Eropa, sementara sekitar sepertiga penduduknya tinggal di sisi Asia.[10] Kota ini merupakan pusat pemerintahan dari Munisipalitas Metropolitan Istanbul (berbatasan[11] dengan Provinsi Istanbul); keduanya memiliki keseluruhan populasi sekitar 14 juta penduduk.[4] Istanbul merupakan salah satu kota yang paling padat penduduknya di dunia, menempati peringkat 6 terbesar di dunia menurut populasi dalam batas kota, dan merupakan kota terbesar di Eropa.\r\n\r\nDidirikan dengan nama Bizantium sekitar tahun 660 SM di sebuah tanjung kecil bernama Sarayburnu, kota ini berkembang sehingga menjadi salah satu kota terpenting dalam sejarah. Setelah pendiriannya kembali dengan nama Konstantinopel pada tahun 330 M, kota ini berfungsi sebagai ibu kota kekaisaran selama hampir 16 abad, yaitu selama Kekaisaran Romawi dan Bizantium atau Romawi Timur (330–1204 dan 1261–1453), Latin (1204–1261), dan Utsmaniyah atau Ottoman (1453–1922).[12] Kota ini berperan penting dalam perkembangan Kekristenan selama zaman Kekaisaran Romawi dan Bizantium sebelum Utsmaniyah menaklukkannya pada tahun 1453 dan mengubahnya menjadi kubu pertahanan Islam serta tempat kedudukan Kesultanan Utsmaniyah.[13]\r\n\r\nPosisi strategis Istanbul di Jalur Sutera yang bersejarah,[14] jaringan-jaringan kereta menuju Eropa dan Timur Tengah, dan satu-satunya jalur laut antara Laut Hitam dan Mediterania, telah menghasilkan suatu populasi kosmopolitan meskipun agak berkurang sejak didirikannya Republik Turki pada tahun 1923. Setelah terabaikan karena adanya ibu kota baru selama periode antarperang, kota ini memperoleh kembali posisi pentingnya. Populasi kota bertambah sepuluh kali lipat sejak tahun 1950-an setelah para migran dari seluruh Anatolia pindah ke kota ini dan batas-batas kota diperluas demi menampung mereka.[15][16] Berbagai festival budaya, film, musik, dan seni diadakan pada akhir abad ke-20 dan tetap diselenggarakan oleh kota ini sampai sekarang, sementara perbaikan infrastruktur telah menghasilkan suatu jaringan transportasi yang kompleks.\r\n\r\nSekitar 12,56 juta turis asing berkunjung ke Istanbul pada tahun 2015, lima tahun setelah penetapannya sebagai suatu Ibukota Kebudayaan Eropa, yang menjadikan kota ini sebagai tujuan wisata paling populer kelima di dunia.[17] Atraksi utama kota ini adalah pusat sejarahnya, yang sebagian di antaranya terdaftar sebagai Situs Warisan Dunia UNESCO; pusat hiburan dan budayanya berada di sepanjang pelabuhan alami kota ini, yaitu Tanduk Emas, di Distrik Beyoğlu. Dipandang sebagai suatu kota global,[18] Istanbul memiliki salah satu perekonomian metropolitan dengan pertumbuhan tercepat di dunia.[19] Kota ini menjadi tempat berdirinya kantor pusat dari banyak perusahaan dan media massa Turki serta menyumbang lebih dari seperempat produk domestik bruto negara tersebut.[20] Untuk memanfaatkan revitalisasi dan ekspansinya yang cepat, Istanbul mengajukan diri sebagai penyelenggara Olimpiade Musim Panas sebanyak lima kali dalam waktu dua puluh tahun.[21]\r\n\r\nsumber : https://id.wikipedia.org/wiki/Istanbul', 'http://t3.gstatic.com/licensed-image?q=tbn:ANd9GcQMTvwtG7h0Qvf-Cb9yl9JomL5LGkuCdg9Y5Pu_K85MPufi-Mg9BWauCTjsTTey6qch'),
(80, 'Tekirdağ', 'Tekirdağ (pronounced [teˈciɾdaː]; see also its other names) is a city in Turkey. It is located on the north coast of the Sea of Marmara, in the region of East Thrace. In 2019 the city\'s population was 204,001.\r\n\r\nTekirdağ town is a commercial centre with a harbour for agricultural products (the harbour is being expanded to accommodate a new rail link to the main freight line through Thrace). It is also home to Martas and the BOTAŞ Terminal, both of them important for trade activities in the Marmara Region. The town\'s best known product remains Tekirdağ rakı although it is also known for its cherries, celebrated with a festival every June. [3]\r\n\r\nThe proximity of the Greek and Bulgarian borders means that there are honorary consulates for both countries in Tekirdağ town.\r\n\r\nFerries from Tekirdağ sail to the nearby Marmara Islands during the summer.[4]\r\n\r\nThe nearest airport is Tekirdağ - Çorlu Airport (TEQ) although there are many more flights to Istanbul International Airport (IST).\r\n\r\nsumber : https://en.wikipedia.org/wiki/Tekirda%C4%9F', 'http://t3.gstatic.com/licensed-image?q=tbn:ANd9GcTBsm90ZFGgc7Tg2v33nBpe7r7GjN29Lthnpo8LHMnkm5Ok5GC5M4Sp3Smm96l-TB2n'),
(81, 'Kırklareli', 'Kırklareli (Yunani: Σαράντα Εκκλησιές, Bulgaria: Лозенград) merupakan sebuah kota yang terletak di Provinsi Kırklareli, pada Turki bagian Eropa. Provinsi ini memiliki sebuah garis pantai di sepanjang laut hitam.\r\n\r\nsumber : https://id.wikipedia.org/wiki/K%C4%B1rklareli', 'http://t1.gstatic.com/licensed-image?q=tbn:ANd9GcRjZ23EaLu_o2s9LE77Lw9R5YeiDybMEK_RoBIePs1jl0WU-uia_5Pyv1NKKwTW6Onv'),
(82, 'KKTC', 'Siprus Utara atau yang memiliki nama resmi Republik Turki Siprus Utara (bahasa Turki: Kuzey Kıbrıs Türk Cumhuriyeti, KKTC) adalah sebuah negara pengakuan terbatas yang secara de facto merdeka, terletak di bagian utara Siprus. Tidak ada negara lain di dunia yang mengakui kedaulatannya kecuali Turki, yang menginvasi siprus bagian utara pada tahun 1974. Lalu pada tahun 1975 negara ini diproklamasikan dengan perubahan nama pada tahun 1983; nama tersebut masih digunakan hingga kini.\r\n\r\nsumber : https://id.wikipedia.org/wiki/Siprus_Utara', 'https://i01.sozcucdn.com/wp-content/uploads/2022/10/10/iecrop/kktc-corona-sozcu-shutter_16_9_1641493090_16_9_1665412691.jpg');

-- --------------------------------------------------------

--
-- Table structure for table `users`
--

CREATE TABLE `users` (
  `id` int(11) NOT NULL,
  `username` varchar(255) NOT NULL,
  `password` varchar(255) NOT NULL
) ENGINE=InnoDB DEFAULT CHARSET=utf8mb4;

--
-- Dumping data for table `users`
--

INSERT INTO `users` (`id`, `username`, `password`) VALUES
(1, 'Ibnu', 'admin123'),
(2, 'new user', 'user123'),
(3, 'nibnualdi', 'admin123'),
(4, 'bikin baru', 'baru123');

--
-- Indexes for dumped tables
--

--
-- Indexes for table `likes`
--
ALTER TABLE `likes`
  ADD PRIMARY KEY (`id`);

--
-- Indexes for table `polygons`
--
ALTER TABLE `polygons`
  ADD PRIMARY KEY (`id`);

--
-- Indexes for table `users`
--
ALTER TABLE `users`
  ADD PRIMARY KEY (`id`);

--
-- AUTO_INCREMENT for dumped tables
--

--
-- AUTO_INCREMENT for table `likes`
--
ALTER TABLE `likes`
  MODIFY `id` int(11) NOT NULL AUTO_INCREMENT, AUTO_INCREMENT=33;

--
-- AUTO_INCREMENT for table `polygons`
--
ALTER TABLE `polygons`
  MODIFY `id` int(11) NOT NULL AUTO_INCREMENT, AUTO_INCREMENT=83;

--
-- AUTO_INCREMENT for table `users`
--
ALTER TABLE `users`
  MODIFY `id` int(11) NOT NULL AUTO_INCREMENT, AUTO_INCREMENT=5;
COMMIT;

/*!40101 SET CHARACTER_SET_CLIENT=@OLD_CHARACTER_SET_CLIENT */;
/*!40101 SET CHARACTER_SET_RESULTS=@OLD_CHARACTER_SET_RESULTS */;
/*!40101 SET COLLATION_CONNECTION=@OLD_COLLATION_CONNECTION */;
